percent,num_samples,sigma_mean,sigma_std
10,1,2.173189878463745,0.026845478327489333
20,2,2.103742551803589,0.035737492431857025
30,3,1.9166414499282838,0.01848932146702909
40,4,1.6273966789245606,0.022530583288507655
50,5,1.369650673866272,0.02608876855424737
60,6,1.221950078010559,0.018553577867851296
70,7,1.1478626728057861,0.014243889677837655
80,8,1.100479745864868,0.020719624224535854
90,9,1.0465449571609498,0.026521236309436882
100,10,1.0395813226699828,0.034880996751371664
