target,seed,mae,rmse,r2,error_mean,error_std
incl,42,0.23601119220256805,0.314034437947088,0.9893443584442139,0.12307509779930115,0.28891199827194214
incl,43,0.2184617817401886,0.31741582845477206,0.9895007014274597,0.13704559206962585,0.28630632162094116
incl,44,0.21171367168426514,0.29861537365988394,0.9894454479217529,0.11913956701755524,0.2738191485404968
incl,45,0.23265792429447174,0.3632319222052094,0.9860219955444336,0.11659011244773865,0.3440118432044983
incl,46,0.22075927257537842,0.34926749407685775,0.9872749447822571,0.12365929782390594,0.32664376497268677
