target,mae_mean,mae_std,rmse_mean,rmse_std,r2_mean,r2_std,error_std_mean,error_std_std
incl,0.23034683167934417,0.01993685536524492,0.335615063037913,0.027112908876856343,0.9878116488456726,0.0015857331681763027,0.3053587317466736,0.03040777870327823
