target,mae_mean,mae_std,rmse_mean,rmse_std,r2_mean,r2_std,error_std_mean,error_std_std
incl,0.2239207684993744,0.010140574962476362,0.32851301126876226,0.026752554175604015,0.9883174896240234,0.0015876816812268049,0.303938615322113,0.029854927122312164
