target,seed,mae,rmse,r2,error_mean,error_std
incl,42,0.26415571570396423,0.3465485768148468,0.9870235919952393,0.18468892574310303,0.2932335138320923
incl,43,0.2227407544851303,0.3229033431514204,0.9891345500946045,0.14431452751159668,0.28885963559150696
incl,44,0.21582607924938202,0.29584998813723895,0.9896400570869446,0.11662358790636063,0.2718936502933502
incl,45,0.23191972076892853,0.3667579735875322,0.9857492446899414,0.11825599521398544,0.3471698760986328
incl,46,0.2170918881893158,0.3460154334985268,0.9875108003616333,0.1169925257563591,0.32563698291778564
