target,mae_mean,mae_std,rmse_mean,rmse_std,r2_mean,r2_std,error_std_mean,error_std_std
spin,0.025726534053683282,0.003962642855488325,0.03567751691846212,0.005220450117104348,0.9960180163383484,0.0010633936438926668,0.03505242876708507,0.005231946603310323
