target,seed,mae,rmse,r2,error_mean,error_std
spin,42,0.03576815500855446,0.04735613552735801,0.9929625988006592,-0.004766236525028944,0.04711567237973213
spin,43,0.02569173462688923,0.03582217907644238,0.9961338639259338,0.0076102931052446365,0.03500445559620857
spin,44,0.029890291392803192,0.04229370805984341,0.9946196675300598,0.007273949217051268,0.04166350141167641
