target,mae_mean,mae_std,rmse_mean,rmse_std,r2_mean,r2_std,error_std_mean,error_std_std
spin,0.02474590577185154,0.0026842457982770734,0.03469409216946844,0.0032070457352621875,0.9962689280509949,0.0006053847691029184,0.03426193296909332,0.002869556397678265
