target,seed,mae,rmse,r2,error_mean,error_std
spin,42,0.02169737219810486,0.03048977061799835,0.9970827698707581,0.000679005344863981,0.030482210218906403
spin,43,0.025636356323957443,0.03634535774279226,0.9960201382637024,0.008425545878708363,0.03535526990890503
spin,44,0.02838762104511261,0.038961418319180714,0.995434045791626,0.007708616554737091,0.03819122165441513
spin,45,0.025482529774308205,0.034564328416594084,0.9963394403457642,-0.0030538691207766533,0.0344291552901268
spin,46,0.022525649517774582,0.0331095857507768,0.9964682459831238,0.004123513586819172,0.03285180777311325
