target,seed,mae,rmse,r2,error_mean,error_std
incl,42,0.035880930721759796,0.0521005358698514,0.9707300066947937,0.012240340933203697,0.05064227432012558
incl,43,0.03680332750082016,0.052707605720119836,0.9697880744934082,0.007503009866923094,0.05217083916068077
incl,44,0.033376652747392654,0.04772497726510952,0.9748432040214539,-0.0040818690322339535,0.04755009710788727
