target,mae_mean,mae_std,rmse_mean,rmse_std,r2_mean,r2_std,error_std_mean,error_std_std
incl,0.03535363698999087,0.0017731480412296271,0.050844372951693584,0.002718474855113745,0.9717870950698853,0.002688244875545203,0.05012107019623121,0.002354050675683715
