target,seed,mae,rmse,r2,error_mean,error_std
incl,42,0.032560769468545914,0.04743323616578518,0.9757392406463623,0.0011504963040351868,0.04741928353905678
incl,43,0.030471071600914,0.04480396739943105,0.9781694412231445,0.006574780680239201,0.04431893303990364
incl,44,0.0335516594350338,0.04754353662843892,0.9750341176986694,0.0008246142533607781,0.04753638431429863
incl,45,0.03200213983654976,0.04577139255196241,0.9772822856903076,0.004934543278068304,0.045504629611968994
incl,46,0.031532172113657,0.046885901415304375,0.9759591221809387,0.0018966466886922717,0.04684752598404884
