target,mae_mean,mae_std,rmse_mean,rmse_std,r2_mean,r2_std,error_std_mean,error_std_std
incl,0.032519659399986266,0.0007677094019640027,0.04654811040547137,0.0009679097398683402,0.9763755202293396,0.0011847520985806298,0.04608210325241089,0.001208856104709669
