target,mae_mean,mae_std,rmse_mean,rmse_std,r2_mean,r2_std,error_std_mean,error_std_std
spin,0.10961533188819886,0.0019041835834547024,0.1647533272419391,0.0029813366208293873,0.9158281445503235,0.0027450976447675217,0.16454632580280304,0.0028015648378177595
