target,seed,mae,rmse,r2,error_mean,error_std
spin,42,0.10887222737073898,0.16686115924536024,0.9142311811447144,0.013880874030292034,0.1662828028202057
spin,43,0.10727259516716003,0.1611860649659589,0.9203231334686279,0.004954931326210499,0.16110989451408386
spin,44,0.1123385801911354,0.1684079140085253,0.9135001301765442,0.010918723419308662,0.16805358231067657
spin,45,0.11049706488847733,0.16480025671341725,0.9145931601524353,-0.0017597355181351304,0.16479085385799408
spin,46,0.10909619182348251,0.1625112412764339,0.9164931178092957,-0.002332573989406228,0.162494495511055
