target,seed,mae,rmse,r2,error_mean,error_std
spin,42,0.1152627244591713,0.1736542657358162,0.907105565071106,0.00882289931178093,0.17342998087406158
spin,43,0.1087941899895668,0.16710316166287997,0.9143658876419067,0.0018207462271675467,0.16709324717521667
spin,44,0.11639382690191269,0.17391446466057986,0.9077509641647339,0.007071764674037695,0.17377062141895294
