target,mae_mean,mae_std,rmse_mean,rmse_std,r2_mean,r2_std,error_std_mean,error_std_std
spin,0.11058403700590133,0.001950966056582043,0.165938618099763,0.0023082196637986456,0.9146233439445496,0.0019230396264338528,0.16521872580051422,0.0019424316585005678
