target,seed,mae,rmse,r2,error_mean,error_std
theta,42,0.09388819336891174,0.13715288851997745,0.7925871014595032,0.012542379088699818,0.13657820224761963
theta,43,0.08832577615976334,0.1311061226640632,0.8113056421279907,0.0019997095223516226,0.13109086453914642
theta,44,0.0920085608959198,0.13636615791030468,0.7957189083099365,0.0023712455295026302,0.13634555041790009
