target,mae_mean,mae_std,rmse_mean,rmse_std,r2_mean,r2_std,error_std_mean,error_std_std
theta,0.08687551319599152,0.0010442945691275618,0.12910948064040895,0.001193564954653655,0.8160573959350585,0.0037601148585917027,0.12878090143203735,0.0012654627516108104
