target,seed,mae,rmse,r2,error_mean,error_std
theta,42,0.08802520483732224,0.13032747460507027,0.8127171993255615,0.008139637298882008,0.13007304072380066
theta,43,0.08531908690929413,0.12736226690268967,0.8219284415245056,0.011081380769610405,0.1268792748451233
theta,44,0.08751458674669266,0.12991772089342454,0.8145820498466492,0.005943987052887678,0.12978167831897736
theta,45,0.08645723015069962,0.12945471029974245,0.8135055303573608,0.013682528398931026,0.12872959673404694
theta,46,0.08706145733594894,0.12848523050111788,0.8175537586212158,0.0033738736528903246,0.12844091653823853
