target,mae_mean,mae_std,rmse_mean,rmse_std,r2_mean,r2_std,error_std_mean,error_std_std
theta,0.08735506087541581,0.0018893335838801354,0.1293764275713197,0.0016199362731152728,0.8152957558631897,0.00438423189190735,0.12897519767284393,0.0015921516626318023
