target,mae_mean,mae_std,rmse_mean,rmse_std,r2_mean,r2_std,error_std_mean,error_std_std
z,0.7102632919947306,0.01137860082480754,1.066993208721578,0.017441821848100194,0.7983945608139038,0.009772785589419172,1.0648448864618938,0.014616067823103073
