target,mae_mean,mae_std,rmse_mean,rmse_std,r2_mean,r2_std,error_std_mean,error_std_std
z,0.6843811511993408,0.011079991834358576,1.0484826696943947,0.022915345782779987,0.8032993674278259,0.009687652733245098,1.0444300413131713,0.021156951172444784
