target,seed,mae,rmse,r2,error_mean,error_std
z,42,0.7232648730278015,1.0854541608566641,0.7875601053237915,0.1133531704545021,1.079519271850586
z,43,0.7021218538284302,1.0507904959913557,0.8065446019172668,-0.03249761462211609,1.0502878427505493
z,44,0.7054031491279602,1.064734969316714,0.8010789752006531,0.003991902805864811,1.064727544784546
