target,seed,mae,rmse,r2,error_mean,error_std
z,42,0.6984134316444397,1.0487749878335608,0.8016749024391174,0.11274271458387375,1.0426974296569824
z,43,0.6759383082389832,1.0239086086013758,0.8163161277770996,0.0761391669511795,1.021073818206787
z,44,0.690667450428009,1.072884802977848,0.7980221509933472,0.144145205616951,1.0631574392318726
z,45,0.685954749584198,1.0696475894312911,0.7913879752159119,0.04997896030545235,1.0684794187545776
z,46,0.6709318161010742,1.0271973596278983,0.8090956807136536,0.030578186735510826,1.0267421007156372
