percent,num_samples,sigma_mean,sigma_std
10,1,3.0431873321533205,0.08225971761132528
20,2,2.6287170529365538,0.12208476493195018
30,3,2.388057899475098,0.0606006350810022
40,4,2.173620176315308,0.07375587557766394
50,5,1.849889326095581,0.04414276304104139
60,6,1.5125370502471924,0.07677604820182428
70,7,1.3067397117614745,0.08290972556464436
80,8,1.1117400169372558,0.09458293508495945
90,9,0.9407624721527099,0.05136785371345253
100,10,0.7760143995285034,0.033775170282644644
