percent,num_samples,sigma_mean,sigma_std
10,1,2.870881700515747,0.04857761563013955
20,2,2.552352857589722,0.09212207870431467
30,3,2.3094921112060547,0.10570761748715722
40,4,2.135701370239258,0.08778592883437786
50,5,1.8557562351226806,0.04745213979371805
60,6,1.53830246925354,0.06607496769106286
70,7,1.2395971775054933,0.029541407756032027
80,8,0.986467432975769,0.035643732006981774
90,9,0.9192850112915039,0.03966656583359154
100,10,0.8957442164421081,0.02058449841047622
