percent,num_samples,sigma_mean,sigma_std
10,1,3.038188648223877,0.0754910971169706
20,2,2.666442108154297,0.14203223241688706
30,3,2.403408575057983,0.046079992691301426
40,4,2.1836384296417237,0.0801771723945538
50,5,1.8530495405197143,0.04454357723699652
60,6,1.5105276823043823,0.0745017395952916
70,7,1.3181324005126953,0.07941443783894821
80,8,1.1198498249053954,0.09831977912121091
90,9,0.9444541454315185,0.06472097913734308
100,10,0.7709831118583679,0.027451361339837395
