percent,num_samples,sigma_mean,sigma_std
10,1,2.919299840927124,0.055271778782016494
20,2,2.6068461656570436,0.052811358520211384
30,3,2.326788902282715,0.043430913370588214
40,4,1.9694745540618896,0.07342178077456588
50,5,1.4571508884429931,0.0776396093788498
60,6,1.121389889717102,0.03880876889433513
70,7,0.9928641796112061,0.04913472503813884
80,8,0.7799802780151367,0.06451636737527768
90,9,0.6815894484519959,0.03135420617613448
100,10,0.5758039474487304,0.03285922117636293
