percent,num_samples,sigma_mean,sigma_std
10,1,0.4827282905578613,0.010658429234712614
20,2,0.5024657249450684,0.1526356839571323
30,3,0.33622429966926576,0.008134047125261583
40,4,0.29568254947662354,0.01147137505059386
50,5,0.2555842578411102,0.016904113634128033
60,6,0.2358199894428253,0.009410833802042827
70,7,0.22526410222053528,0.008585079781078631
80,8,0.235523122549057,0.01080864094305265
90,9,0.22875984907150268,0.013521681633692448
100,10,0.22539906203746796,0.0027571726487100514
