percent,num_samples,sigma_mean,sigma_std
10,1,0.4830663025379181,0.00973907618155312
20,2,0.4548248305916786,0.026713555750012188
30,3,0.3344584345817566,0.00950340182110803
40,4,0.2932888209819794,0.01012541584171897
50,5,0.25508963167667387,0.01685545687692024
60,6,0.23573014736175538,0.01004225381431214
70,7,0.22699334025382994,0.009207424122566435
80,8,0.23647411465644835,0.011991272342270284
90,9,0.22719708383083342,0.012486566323161764
100,10,0.22736864984035493,0.004430208783284185
