percent,num_samples,sigma_mean,sigma_std
10,1,2.248707485198975,0.025785753476617306
20,2,2.27628698348999,0.06831552585103026
30,3,2.1038601398468018,0.015793680158104423
40,4,2.0255517959594727,0.034329255007216904
50,5,1.938944363594055,0.039679347638418544
60,6,1.8202617406845092,0.031211127697154534
70,7,1.7052579879760743,0.0262345467885419
80,8,1.6153215408325194,0.03320418972403195
90,9,1.5459739685058593,0.018167349149113922
100,10,1.4888288259506226,0.023899408794694852
