percent,num_samples,sigma_mean,sigma_std
10,1,2.1804327011108398,0.028216148400250055
20,2,2.149550771713257,0.030852154413932426
30,3,2.0737607955932615,0.01867554326095713
40,4,1.9710716247558593,0.036348892219630446
50,5,1.828997755050659,0.04006528261540686
60,6,1.668918991088867,0.03189006075122979
70,7,1.530679416656494,0.024618406962723747
80,8,1.4355277061462401,0.030894317112047823
90,9,1.366483449935913,0.01138314352669719
100,10,1.3232374668121338,0.026743167404332007
