target,seed,mae,rmse,r2,error_mean,error_std
incl,42,0.010809219442307949,0.013848912595028025,0.0,0.000676533323712647,0.013832377269864082
incl,43,0.012984063476324081,0.016724700441182707,0.0,-0.005212184973061085,0.015891781076788902
incl,44,0.009251158684492111,0.011845917563176031,0.0,-0.0025042665656656027,0.01157818641513586
incl,45,0.010128437541425228,0.013255389628188534,0.0,0.0011293917195871472,0.013207188807427883
incl,46,0.01506997924298048,0.01930019230697755,0.0,-0.0022320521529763937,0.019170690327882767
