target,seed,mae,rmse,r2,error_mean,error_std
incl,42,7.74603871384759e-25,0.0,1.0,-1.644630527232541e-25,0.0
incl,43,3.54437531855471e-24,0.0,1.0,3.2514874360947054e-25,0.0
incl,44,5.531032761501991e-24,0.0,1.0,8.125210624398859e-25,0.0
incl,45,3.985768633005286e-24,0.0,1.0,1.5277505289322802e-24,0.0
incl,46,6.481456718847245e-24,0.0,0.0,-6.481456718847245e-24,0.0
