target,seed,mae,rmse,r2,error_mean,error_std
incl,42,0.020832328125834465,0.026861284449898316,0.0,-0.004109300207346678,0.026545098051428795
incl,43,0.011822723783552647,0.014934417996939085,0.0,-0.0003035958798136562,0.014931331388652325
incl,44,0.014286525547504425,0.018761396297493082,0.0,0.0017946063308045268,0.018675366416573524
incl,45,0.011978303082287312,0.015287986953491668,0.0,0.0008821150404401124,0.015262516215443611
incl,46,0.009779658168554306,0.012623799282170809,0.0,1.2602091601365828e-06,0.012623799033463001
