target,mae_mean,mae_std,rmse_mean,rmse_std,r2_mean,r2_std,error_std_mean,error_std_std
incl,0.01373990774154663,0.004273863589246597,0.01769377699599859,0.005574261514390429,0.0,0.0,0.01760762222111225,0.005443323898316086
