target,mae_mean,mae_std,rmse_mean,rmse_std,r2_mean,r2_std,error_std_mean,error_std_std
incl,0.01164857167750597,0.0023586265653594983,0.01499502250691057,0.00299094571971877,0.0,0.0,0.014736044779419899,0.0029209541475928233
