target,mae_mean,mae_std,rmse_mean,rmse_std,r2_mean,r2_std,error_std_mean,error_std_std
spin,0.1310411343971888,0.003314144701486558,0.16246237194410185,0.0050653234891756185,0.9245996673901876,0.005402094852431088,0.16222633918126425,0.005172922964316624
