target,mae_mean,mae_std,rmse_mean,rmse_std,r2_mean,r2_std,error_std_mean,error_std_std
spin,0.12746376991271974,0.005532707608115885,0.15991404293042388,0.005253146608911217,0.9258028388023376,0.0034231419721320573,0.15981930494308472,0.005191424146585591
