target,mae_mean,mae_std,rmse_mean,rmse_std,r2_mean,r2_std,error_std_mean,error_std_std
spin,0.1269601732492447,0.00614052889267934,0.1593282654816312,0.005786022057908858,0.926313292980194,0.004493045014810789,0.15916319489479064,0.0057626529548244956
