target,seed,mae,rmse,r2,error_mean,error_std
spin,42,0.13133728504180908,0.1625945345833827,0.9246094822883606,0.006362294778227806,0.1624700129032135
spin,43,0.12758885324001312,0.15733226042830561,0.9299968481063843,0.011161211878061295,0.1569358855485916
spin,44,0.13419726490974426,0.16746032082061726,0.9191926717758179,-0.007916100323200226,0.1672731190919876
