target,seed,mae,rmse,r2,error_mean,error_std
spin,42,0.13067086040973663,0.15762707538622447,0.9291456341743469,-0.00704039866104722,0.1574697494506836
spin,43,0.12670838832855225,0.15672148260965127,0.9305393099784851,-0.026988040655851364,0.15438026189804077
spin,44,0.13221685588359833,0.1625396751148402,0.9238717555999756,-0.021403400227427483,0.1611243039369583
spin,45,0.12079910933971405,0.15270255091411034,0.9282823801040649,-0.007597123272716999,0.15251345932483673
spin,46,0.11628855764865875,0.15440725651706158,0.9313968420028687,0.009236522018909454,0.154130756855011
