target,seed,mae,rmse,r2,error_mean,error_std
incl,42,0.45239484310150146,0.6132029343671693,0.9593712091445923,0.13364054262638092,0.5984630584716797
incl,43,0.44616955518722534,0.6410138880434743,0.9571809768676758,0.17022642493247986,0.6179981827735901
incl,44,0.4437001943588257,0.6116767352450917,0.9557147026062012,0.14815561473369598,0.5934630036354065
incl,45,0.4132833480834961,0.5753366397101092,0.9649311304092407,0.11155980825424194,0.5644171237945557
incl,46,0.4222990870475769,0.5644806587869207,0.9667614698410034,0.11406885087490082,0.5528351664543152
