target,mae_mean,mae_std,rmse_mean,rmse_std,r2_mean,r2_std,error_std_mean,error_std_std
incl,0.4355694055557251,0.016839967030407427,0.601142171230553,0.031049093383426644,0.9607918977737426,0.004837459411126019,0.5854353070259094,0.0264529785146222
