target,mae_mean,mae_std,rmse_mean,rmse_std,r2_mean,r2_std,error_std_mean,error_std_std
incl,0.04743021229902903,0.0016838516546958445,0.06482153254385488,0.00018524416963743424,0.9537041783332825,0.0028061891694683757,0.06235565369327863,0.0006307100299557014
