target,seed,mae,rmse,r2,error_mean,error_std
incl,42,0.6075454354286194,0.7985497248364353,0.9310983419418335,0.12982672452926636,0.7879255414009094
incl,43,0.5839406847953796,0.7984644054799124,0.9335625171661377,0.18001621961593628,0.777907133102417
incl,44,0.5514426827430725,0.7631162685735197,0.9310718178749084,0.11819659173488617,0.7539071440696716
incl,45,0.590498149394989,0.8125873298662798,0.9300451278686523,0.07999436557292938,0.8086403012275696
incl,46,0.5560471415519714,0.7489843644316929,0.9414820671081543,0.012109956704080105,0.7488864064216614
