target,mae_mean,mae_std,rmse_mean,rmse_std,r2_mean,r2_std,error_std_mean,error_std_std
incl,0.574199640750885,0.028407142634307554,0.7810553201174419,0.0338041993260165,0.9340356588363647,0.0049824980926028665,0.7751884579658508,0.036205920128003624
