target,seed,mae,rmse,r2,error_mean,error_std
incl,42,0.7046638131141663,0.9672121331401241,0.8937069773674011,0.29674917459487915,0.920564591884613
incl,43,0.6733766794204712,0.8900370413862112,0.9160757660865784,0.2073529213666916,0.8655465245246887
incl,44,0.61745685338974,0.9194994886126193,0.9038478136062622,0.20135372877120972,0.8971822261810303
incl,45,0.6561744213104248,0.9073764114715743,0.9128473997116089,0.038081858307123184,0.906576931476593
incl,46,0.6414842009544373,0.898371420379042,0.909327507019043,0.13044294714927673,0.8888508081436157
