target,mae_mean,mae_std,rmse_mean,rmse_std,r2_mean,r2_std,error_std_mean,error_std_std
incl,0.5778948187828064,0.023725471582701274,0.784340418637568,0.026924869989884026,0.9334519743919373,0.004671882455844874,0.7754533052444458,0.02466268346466194
