target,seed,mae,rmse,r2,error_mean,error_std
incl,42,0.5637198090553284,0.7597329885342531,0.9376340508460999,0.17527438700199127,0.7392382025718689
incl,43,0.5745083689689636,0.7819231947598878,0.9362866878509521,0.04813120886683464,0.7804405093193054
incl,44,0.5369303226470947,0.7511609152531452,0.9332146048545837,0.05326138436794281,0.7492702603340149
incl,45,0.6152928471565247,0.8374893187795437,0.9256918430328369,0.09388039261102676,0.8322108387947083
incl,46,0.5805468559265137,0.77497018326038,0.9373511075973511,0.017054220661520958,0.7747824788093567
