target,seed,mae,rmse,r2,error_mean,error_std
spin,42,0.17177264392375946,0.22527198081937144,0.8407520055770874,0.016279146075248718,0.22468301653862
spin,43,0.16801169514656067,0.2224971721635559,0.8508510589599609,0.022438567131757736,0.22136282920837402
spin,44,0.16269803047180176,0.22271872363432246,0.8507986664772034,0.0012685738038271666,0.2227151095867157
spin,45,0.16787971556186676,0.23107047651812387,0.836402177810669,-0.0018368756864219904,0.23106317222118378
spin,46,0.17080849409103394,0.22784705866680832,0.8327487707138062,0.029058879241347313,0.22598642110824585
