target,mae_mean,mae_std,rmse_mean,rmse_std,r2_mean,r2_std,error_std_mean,error_std_std
spin,0.07844420671463012,0.002200663426486036,0.10382717977000969,0.0021100038169609187,0.9681018471717835,0.001281197441811833,0.10338406413793563,0.0020501813325406047
