target,mae_mean,mae_std,rmse_mean,rmse_std,r2_mean,r2_std,error_std_mean,error_std_std
spin,0.16809386312961577,0.002084808452894932,0.2284827435918076,0.002729159269908503,0.8387107372283935,0.0066157590837976595,0.22775859534740447,0.003346247213348256
