target,seed,mae,rmse,r2,error_mean,error_std
spin,42,0.10794217884540558,0.13775845696317948,0.9404480457305908,0.001144771813414991,0.1377537101507187
spin,43,0.10434210300445557,0.13746319814754301,0.9430696368217468,-0.012151173315942287,0.1369250863790512
spin,44,0.09791750460863113,0.12235023827844302,0.9549734592437744,0.020251577720046043,0.12066256254911423
spin,45,0.10882826894521713,0.13871106413371118,0.9410463571548462,0.015100994147360325,0.13788661360740662
spin,46,0.10594005882740021,0.1342685974046891,0.9419193267822266,0.01645529828965664,0.1332564502954483
