target,mae_mean,mae_std,rmse_mean,rmse_std,r2_mean,r2_std,error_std_mean,error_std_std
spin,0.10499402284622192,0.00432406524198902,0.13411031098551315,0.006783106139380267,0.9442913651466369,0.0060524272280366095,0.1332968845963478,0.007309591013164862
