target,seed,mae,rmse,r2,error_mean,error_std
spin,42,0.17171058058738708,0.23099262697149206,0.8325613141059875,-0.003702765330672264,0.23096296191215515
spin,43,0.16636696457862854,0.22459819600025352,0.8480209708213806,0.01835399679839611,0.22384700179100037
spin,44,0.16732235252857208,0.22843539631001467,0.8430410623550415,0.007550857495516539,0.22831055521965027
spin,45,0.1677609235048294,0.231116080813996,0.8363375663757324,0.009742054156959057,0.23091065883636475
spin,46,0.1673084944486618,0.22727141786328162,0.8335927724838257,0.03368133306503296,0.22476179897785187
