target,seed,mae,rmse,r2,error_mean,error_std
spin,42,0.08012009412050247,0.10384082545008808,0.9689295291900635,-0.01536977756768465,0.10269706696271896
spin,43,0.07544931769371033,0.10036897407278447,0.9696646928787231,0.0038091433234512806,0.10029666125774384
spin,44,0.07677111774682999,0.10390742398079238,0.9681787490844727,0.0006765779107809067,0.10390521585941315
spin,45,0.07954138517379761,0.10581210988593022,0.9664275050163269,0.0016111833974719048,0.1057998463511467
spin,46,0.08033911883831024,0.10520656546045323,0.967308759689331,-0.014362918213009834,0.10422153025865555
