target,mae_mean,mae_std,rmse_mean,rmse_std,r2_mean,r2_std,error_std_mean,error_std_std
incl,0.06732831001281739,0.0003565808249408767,0.09121444255409546,0.00048276389259152,0.909335196018219,0.0014673923902112326,0.09112409651279449,0.000548741458299129
