target,mae_mean,mae_std,rmse_mean,rmse_std,r2_mean,r2_std,error_std_mean,error_std_std
incl,0.05189545154571533,0.0006322085821650283,0.07009820804057958,0.0009070288509745082,0.9464463949203491,0.0016166952100912944,0.0694446787238121,0.0007297982382941328
