target,seed,mae,rmse,r2,error_mean,error_std
incl,42,0.09977991878986359,0.1287771864886129,0.8165270090103149,0.05102735757827759,0.11823608726263046
incl,43,0.09960814565420151,0.1273713412554887,0.8271163702011108,0.027704715728759766,0.12432179600000381
incl,44,0.09601502120494843,0.12274521604988425,0.8378874063491821,0.038239285349845886,0.11663681268692017
incl,45,0.10171610116958618,0.12993803499551115,0.8176814317703247,0.04432488977909088,0.12214416265487671
incl,46,0.09400089085102081,0.12193524708590105,0.8367162942886353,0.03631209582090378,0.11640290915966034
