target,seed,mae,rmse,r2,error_mean,error_std
incl,42,0.05249129235744476,0.07063896497924624,0.9461944103240967,0.005813718773424625,0.07039932161569595
incl,43,0.051839251071214676,0.07115598891243428,0.9449375867843628,0.0003044158802367747,0.07115533947944641
incl,44,0.05476625636219978,0.07420417366443527,0.9391835927963257,0.007584547623991966,0.07381553947925568
