target,seed,mae,rmse,r2,error_mean,error_std
incl,42,0.05140295252203941,0.06964168498199928,0.947702944278717,0.01310981996357441,0.06839661300182343
incl,43,0.051178980618715286,0.06906672046245348,0.948123574256897,0.0014937116065993905,0.06905056536197662
incl,44,0.051937445998191833,0.0700498848993202,0.9458025097846985,0.006280100904405117,0.06976780295372009
incl,45,0.05276194587349892,0.07021987297499618,0.9465316534042358,0.00824681855738163,0.06973392516374588
incl,46,0.05219593271613121,0.07151287688412877,0.9440712928771973,0.01325094886124134,0.0702744871377945
