target,mae_mean,mae_std,rmse_mean,rmse_std,r2_mean,r2_std,error_std_mean,error_std_std
incl,0.0982240155339241,0.0031323214734160576,0.1261534051750796,0.003609003682919665,0.8271857023239135,0.010115611216022584,0.1195483535528183,0.0035219636267119787
