target,seed,mae,rmse,r2,error_mean,error_std
incl,42,0.06710615009069443,0.0908648320262476,0.9109712839126587,0.003184614470228553,0.09080900251865387
incl,43,0.06719738245010376,0.09159032431436666,0.908771276473999,5.289843466016464e-05,0.09159031510353088
incl,44,0.06730920821428299,0.09109926964410008,0.9083369970321655,0.007337577175348997,0.09080328792333603
incl,45,0.06708285212516785,0.09068814268909765,0.9108179211616516,0.004255231004208326,0.09058824926614761
incl,46,0.06794595718383789,0.0918296440966653,0.9077785015106201,5.558639168157242e-05,0.09182962775230408
