target,mae_mean,mae_std,rmse_mean,rmse_std,r2_mean,r2_std,error_std_mean,error_std_std
incl,0.0675105944275856,0.0008315889542794714,0.09157198655014687,0.0009366898030584674,0.9086306810379028,0.001314349041302189,0.0913241058588028,0.0009788972913185347
