target,mae_mean,mae_std,rmse_mean,rmse_std,r2_mean,r2_std,error_std_mean,error_std_std
spin,0.15576143066088358,0.0021437190885754995,0.216210919142776,0.0032888584748191766,0.8566578427950541,0.0047264807854263706,0.21602935592333475,0.0032017954479606316
