target,mae_mean,mae_std,rmse_mean,rmse_std,r2_mean,r2_std,error_std_mean,error_std_std
spin,0.19073525965213775,0.003082333346785335,0.2610338465017769,0.0038701478350815126,0.7886733174324035,0.007414174245729153,0.2609110951423645,0.003963137105243633
