target,seed,mae,rmse,r2,error_mean,error_std
spin,42,0.2210386097431183,0.28654299554206514,0.7493546009063721,-0.011617453768849373,0.2863073945045471
spin,43,0.21729491651058197,0.2842899121854622,0.7555192708969116,0.033395230770111084,0.28232166171073914
spin,44,0.22384175658226013,0.2880552113844768,0.7430960536003113,-0.013508167117834091,0.2877383232116699
spin,45,0.21606126427650452,0.28018492786453036,0.7611939907073975,0.011323640123009682,0.27995601296424866
spin,46,0.21813884377479553,0.2821891786307829,0.7565224170684814,0.01880623586475849,0.28156182169914246
