target,mae_mean,mae_std,rmse_mean,rmse_std,r2_mean,r2_std,error_std_mean,error_std_std
spin,0.18829834461212158,0.002465691838386273,0.25920111411555635,0.003570614127256647,0.7916294455528259,0.0071744402486888835,0.25913968682289124,0.0036161120873342335
