target,mae_mean,mae_std,rmse_mean,rmse_std,r2_mean,r2_std,error_std_mean,error_std_std
spin,0.2192750781774521,0.003142660651052194,0.28425244512146347,0.00318240559594191,0.7531372666358948,0.007021013277340251,0.28357704281806945,0.003298485634768167
