target,seed,mae,rmse,r2,error_mean,error_std
spin,42,0.15800327062606812,0.2194623927396471,0.8516323566436768,0.00914598535746336,0.2192717343568802
spin,43,0.1537315845489502,0.21288590907201857,0.8610139489173889,0.0026221293956041336,0.21286974847316742
spin,44,0.15554943680763245,0.21628445561666226,0.8573272228240967,0.012084860354661942,0.21594658493995667
