target,seed,mae,rmse,r2,error_mean,error_std
spin,42,0.19225254654884338,0.26218232335014585,0.7882488965988159,0.00883928220719099,0.26203328371047974
spin,43,0.18667113780975342,0.25627005719564894,0.7985936999320984,0.011994938366115093,0.2559891939163208
spin,44,0.19359926879405975,0.2640919482722972,0.7872836589813232,-0.0019496841123327613,0.26408472657203674
spin,45,0.18823882937431335,0.2576798039734384,0.7911965847015381,-0.00833751168102026,0.2575449049472809
spin,46,0.19291451573371887,0.26494509971735414,0.7780437469482422,-0.004702592268586159,0.26490336656570435
