target,seed,mae,rmse,r2,error_mean,error_std
spin,42,0.1580769121646881,0.21898953912465957,0.8522710204124451,-0.004603613633662462,0.21894115209579468
spin,43,0.1556892842054367,0.21505034657044414,0.8581734299659729,-0.0005283489008434117,0.21504969894886017
spin,44,0.1542884111404419,0.215505568973382,0.8583529591560364,0.016760511323809624,0.21485282480716705
spin,45,0.15282756090164185,0.21467031067188624,0.8550825119018555,0.0006844248855486512,0.21466922760009766
spin,46,0.15471649169921875,0.21434397221281348,0.8547292947769165,-0.005348366219550371,0.2142772376537323
