target,seed,mae,rmse,r2,error_mean,error_std
theta,42,0.12217544764280319,0.16897209594635076,0.6851847171783447,0.012900345958769321,0.16847893595695496
theta,43,0.12085489928722382,0.16701465031755824,0.6937880516052246,-0.0031767708715051413,0.166984423995018
theta,44,0.12238511443138123,0.16786734713844473,0.6904381513595581,0.001392896519973874,0.16786156594753265
