target,seed,mae,rmse,r2,error_mean,error_std
theta,42,0.1387268602848053,0.1861125254508109,0.6180759072303772,0.011306877247989178,0.1857687383890152
theta,43,0.13905976712703705,0.18801076184893328,0.6119582653045654,0.001522220321930945,0.18800459802150726
theta,44,0.1441003680229187,0.19236096872935743,0.5935109257698059,-0.002978723496198654,0.19233790040016174
theta,45,0.14134150743484497,0.18737920207731673,0.6092733144760132,-0.003015396185219288,0.1873549371957779
theta,46,0.14333266019821167,0.19095964294002282,0.5969938039779663,0.0031045200303196907,0.19093440473079681
