target,mae_mean,mae_std,rmse_mean,rmse_std,r2_mean,r2_std,error_std_mean,error_std_std
theta,0.14007072448730468,0.00228996323298739,0.18845743883769758,0.0017994751658111457,0.608107841014862,0.00660325012864272,0.18823190331459044,0.0019082260099746611
