target,mae_mean,mae_std,rmse_mean,rmse_std,r2_mean,r2_std,error_std_mean,error_std_std
theta,0.12063663601875305,0.0022857807254559994,0.16710113903744833,0.002028276333333705,0.6918609619140625,0.008012323375510338,0.16698522865772247,0.0020362039859856853
