target,mae_mean,mae_std,rmse_mean,rmse_std,r2_mean,r2_std,error_std_mean,error_std_std
theta,0.14131223261356354,0.002429734272876874,0.18896462020928823,0.002601592776649571,0.6059624433517456,0.010357660666634565,0.18888011574745178,0.0026902484969390027
