target,seed,mae,rmse,r2,error_mean,error_std
theta,42,0.11806846410036087,0.16539750872752998,0.6983635425567627,-0.00026845524553209543,0.1653972864151001
theta,43,0.11875034868717194,0.16549021661788965,0.699352502822876,-0.00880427286028862,0.1652558594942093
theta,44,0.12155062705278397,0.16761605804887822,0.6913642883300781,0.009719792753458023,0.16733400523662567
theta,45,0.12105728685855865,0.166660565150354,0.6909021139144897,3.527924491208978e-05,0.16666056215763092
theta,46,0.12375645339488983,0.17034134664258968,0.679322361946106,0.00462921429425478,0.1702784299850464
