target,mae_mean,mae_std,rmse_mean,rmse_std,r2_mean,r2_std,error_std_mean,error_std_std
z,1.0771525621414184,0.016209572756255345,1.49010674732494,0.024541927277441113,0.6028881430625915,0.011511862314370125,1.4888288259506226,0.023899408794694852
