target,mae_mean,mae_std,rmse_mean,rmse_std,r2_mean,r2_std,error_std_mean,error_std_std
z,1.076416015625,0.022051108641936535,1.4920858428919765,0.02414917889719616,0.6018315553665161,0.011466261871099698,1.4891411066055298,0.025394883470623478
