target,mae_mean,mae_std,rmse_mean,rmse_std,r2_mean,r2_std,error_std_mean,error_std_std
z,0.9341402649879456,0.021868586954732216,1.3233646412768323,0.034725589243064514,0.6899933020273844,0.013976019393594644,1.3219370444615681,0.033981441321375906
