target,seed,mae,rmse,r2,error_mean,error_std
z,42,1.0562071800231934,1.468749107198241,0.611037015914917,-0.010416839271783829,1.4687120914459229
z,43,1.0694166421890259,1.4773342799988156,0.6176103353500366,0.07783550024032593,1.4752824306488037
z,44,1.0940232276916504,1.5314063946011898,0.5884917378425598,0.08271940797567368,1.5291707515716553
z,45,1.0731059312820435,1.48111004389535,0.6000252962112427,0.0367545410990715,1.4806538820266724
z,46,1.0930098295211792,1.4919339109311047,0.5972763299942017,-0.0692690908908844,1.4903249740600586
