target,seed,mae,rmse,r2,error_mean,error_std
z,42,0.9169730544090271,1.2983848331571555,0.6960375308990479,-0.005062759388238192,1.2983750104904175
z,43,0.9266864061355591,1.3086907194278241,0.69992995262146,0.07490497827529907,1.3065452575683594
z,44,0.9587613344192505,1.3630183712455175,0.6740124225616455,0.07612703740596771,1.3608908653259277
