target,seed,mae,rmse,r2,error_mean,error_std
z,42,1.0476267337799072,1.4638966664914552,0.613602876663208,0.10933471471071243,1.459808111190796
z,43,1.0715733766555786,1.4835491894884496,0.6143862009048462,0.05087704211473465,1.48267662525177
z,44,1.107704758644104,1.530255286541803,0.5891101360321045,0.0596628300845623,1.529091715812683
z,45,1.0701377391815186,1.4894563136152927,0.5955047607421875,0.15816287696361542,1.4810349941253662
z,46,1.0850374698638916,1.493271758322882,0.5965538024902344,-0.023031650111079216,1.4930940866470337
